model,constrained_positions,invested_weight,total_transaction_cost_pct,net_portfolio_return_pct,benchmark_portfolio_return_pct,net_outperformance_pct,max_single_position_weight,max_sector_weight
gradient_boosting,62,0.6483158464452221,0.16207896161130553,29.09247360907915,13.183506477004023,15.908967132075126,0.013613814091254336,0.25000000000000006
xgboost,88,0.6537516203806583,0.1634379050951646,27.602746232743304,13.565151829651928,14.037594403091378,0.009807851287357689,0.25
random_forest,118,0.602956454573522,0.1507391136433805,24.647248263446635,11.885797631748016,12.761450631698619,0.007136651710393668,0.24999999999999994
lightgbm,133,0.5525956948972138,0.13814892372430346,23.67784520980597,11.427126157375863,12.250719052430108,0.005387193745867232,0.24999999999999997
extra_trees_tuned,140,0.6247577921775742,0.15618944804439355,24.148621545919248,12.450567945588741,11.698053600330507,0.006263343244828241,0.24999999999999997
extra_trees,165,0.6112010179092519,0.15280025447731296,23.889263519178623,12.303261573249827,11.586001945928798,0.005454474597379089,0.25
