model,constrained_positions,invested_weight,total_transaction_cost_pct,net_portfolio_return_pct,benchmark_portfolio_return_pct,net_outperformance_pct,max_single_position_weight,max_sector_weight
gradient_boosting,62,0.6484669317947871,0.16211673294869677,29.097803701026383,13.18667986431991,15.911123836706475,0.013611399055290234,0.25000000000000006
xgboost,88,0.6537516203806583,0.1634379050951646,27.602746232743304,13.565151829651928,14.037594403091378,0.009807851287357689,0.25
random_forest,121,0.5856950081330914,0.14642375203327285,25.346599357803676,11.591957706508994,13.75464165129468,0.0068409577316754025,0.25000000000000006
lightgbm,133,0.5525956948972138,0.13814892372430346,23.67784520980597,11.427126157375863,12.250719052430108,0.005387193745867232,0.24999999999999997
extra_trees_tuned,140,0.6247577921775742,0.15618944804439355,24.148621545919248,12.450567945588741,11.698053600330507,0.00626334324482824,0.24999999999999994
extra_trees,165,0.611201017909252,0.152800254477313,23.889263519178627,12.303261573249829,11.586001945928798,0.005454474597379089,0.25000000000000006
