name,accuracy,precision,recall,macro_f1,roc_auc,selected_stocks,avg_selected_stock_return,avg_selected_market_return,selected_outperformance,avg_selected_sharpe_proxy
extra_trees,0.6802383316782522,0.5543859649122806,0.23407407407407407,0.5596289656671013,0.6308190191685338,285,41.79856140350877,20.267192982456137,21.531368421052633,1.0322161224248632
random_forest,0.6956305858987091,0.6565656565656566,0.1925925925925926,0.5517644132933234,0.634134926562111,198,46.97252525252526,19.760757575757577,27.211767676767682,1.2027478418985456
extra_trees_tuned,0.6852035749751738,0.5919282511210763,0.19555555555555557,0.5457153632139579,0.6308820844743175,223,43.05843049327354,19.933901345291478,23.124529147982063,1.111668642666257
xgboost,0.6717974180734856,0.55,0.11407407407407408,0.49161516003811206,0.5826343595275634,140,43.83057142857143,20.272357142857146,23.558214285714286,0.9561262498853519
gradient_boosting,0.6722939424031777,0.5619834710743802,0.10074074074074074,0.48332317528235236,0.5658612010068321,121,46.88958677685952,20.454049586776858,26.43553719008266,0.8732410209751923
