name,accuracy,precision,recall,macro_f1,roc_auc,selected_stocks,avg_selected_stock_return,avg_selected_market_return,selected_outperformance,avg_selected_sharpe_proxy
random_forest,0.692154915590864,0.6303317535545023,0.19703703703703704,0.5514495950157554,0.6443786131164773,211,45.04791469194313,19.843696682464458,25.20421800947867,1.1961794834646848
extra_trees_tuned,0.6837140019860973,0.5778688524590164,0.2088888888888889,0.5509831228162403,0.6274953669128427,244,39.79725409836065,19.92422131147541,19.873032786885243,1.155162472090955
extra_trees,0.6708043694141013,0.5206896551724138,0.2237037037037037,0.5482494557301842,0.6221751998451028,290,39.906551724137934,20.291551724137932,19.615000000000002,1.0230917514775197
lightgbm,0.6673286991062563,0.5092250922509225,0.20444444444444446,0.537181726261605,0.6093956241529057,271,36.89745387453874,20.077121771217715,16.820332103321025,1.2359050792600972
xgboost,0.6713008937437934,0.5448275862068965,0.11703703703703704,0.49316191229243966,0.5670063341908002,145,41.779999999999994,20.61696551724138,21.163034482758615,0.9504961731203179
gradient_boosting,0.6752730883813307,0.6019417475728155,0.09185185185185185,0.47907613209412697,0.5771620612397312,103,48.891650485436905,20.673980582524273,28.217669902912633,1.0094236624802844
