name,accuracy,precision,recall,macro_f1,roc_auc,selected_stocks,avg_selected_stock_return,avg_selected_market_return,selected_outperformance
extra_trees,0.6837140019860973,0.5572289156626506,0.2740740740740741,0.578285335981463,0.6327563411058558,332,39.84093373493976,20.079156626506023,19.761777108433737
random_forest,0.6817279046673287,0.5772727272727273,0.18814814814814815,0.5396013245198437,0.6263657234531022,220,39.67822727272728,19.57381818181818,20.104409090909098
gradient_boosting,0.6698113207547169,0.5423728813559322,0.09481481481481481,0.47792410796946233,0.5510463861920172,118,38.39957627118644,20.280084745762714,18.119491525423726
