name,accuracy,precision,recall,macro_f1,roc_auc,selected_stocks,avg_selected_stock_return,avg_selected_market_return,selected_outperformance,avg_selected_sharpe_proxy
extra_trees_threshold_5,0.5844091360476663,0.5473441108545035,0.26993166287015946,0.5267478516906434,0.6018489925887902,433,34.5475519630485,20.34879907621247,14.19875288683603,1.0593683197801185
extra_trees_threshold_10,0.6722939424031777,0.5263157894736842,0.2222222222222222,0.5486880704041721,0.6221940087959505,285,39.98824561403509,20.23354385964912,19.754701754385966,1.01765079349782
extra_trees_threshold_15,0.7398212512413108,0.5294117647058824,0.20149253731343283,0.566262247649109,0.6676813412639105,204,44.876176470588234,20.12392156862745,24.752254901960786,0.9946346242966396
